,symbol
0,YTC
1,YEG
2,YBM
3,YBC
4,XPH
5,XMP
6,XMD
7,XMC
8,XLV
9,XHC
10,XDH
11,XDC
12,X77
13,X26
14,X20
15,WTC
16,WSS
17,WSB
18,WCS
19,VXT
20,VXP
21,VXB
22,VWS
23,VW3
24,VVS
25,VVN
26,VUA
27,VTZ
28,VTX
29,VTV
30,VTS
31,VTR
32,VTQ
33,VTP
34,VTO
35,VTM
36,VTL
37,VTK
38,VTJ
39,VTI
40,VTH
41,VTG
42,VTE
43,VTD
44,VTC
45,VTB
46,VTA
47,VST
48,VSP
49,VSN
50,VSM
51,VSI
52,VSH
53,VSG
54,VSF
55,VSE
56,VSC
57,VSA
58,VRG
59,VRE
60,VRC
61,VQC
62,VPW
63,VPS
64,VPR
65,VPL
66,VPI
67,VPH
68,VPG
69,VPD
70,VPC
71,VPB
72,VPA
73,VOS
74,VOC
75,VNZ
76,VNY
77,VNX
78,VNT
79,VNS
80,VNR
81,VNP
82,VNM
83,VNL
84,VNI
85,VNH
86,VNG
87,VNF
88,VNE
89,VND
90,VNC
91,VNB
92,VNA
93,VMT
94,VMS
95,VMK
96,VMI
97,VMG
98,VMD
99,VMC
100,VMA
101,VLW
102,VLP
103,VLG
104,VLF
105,VLC
106,VLB
107,VLA
108,VKP
109,VKD
110,VKC
111,VJC
112,VIX
113,VIW
114,VIT
115,VIS
116,VIR
117,VIP
118,VIN
119,VIM
120,VIH
121,VIG
122,VIF
123,VIE
124,VID
125,VIC
126,VIB
127,VHM
128,VHL
129,VHI
130,VHH
131,VHG
132,VHF
133,VHE
134,VHD
135,VHC
136,VGV
137,VGT
138,VGS
139,VGR
140,VGP
141,VGL
142,VGI
143,VGG
144,VGC
145,VFS
146,VFR
147,VFG
148,VFC
149,VET
150,VES
151,VEF
152,VEC
153,VEA
154,VE9
155,VE8
156,VE4
157,VE3
158,VE2
159,VE1
160,VDT
161,VDS
162,VDP
163,VDN
164,VDM
165,VDL
166,VDG
167,VDB
168,VCX
169,VCW
170,VCT
171,VCS
172,VCR
173,VCP
174,VCM
175,VCI
176,VCG
177,VCF
178,VCE
179,VCC
180,VCB
181,VCA
182,VC9
183,VC7
184,VC6
185,VC5
186,VC3
187,VC2
188,VC1
189,VBH
190,VBG
191,VBC
192,VBB
193,VAV
194,VAT
195,VAF
196,VAB
197,V21
198,V15
199,V12
200,V11
201,UXC
202,USD
203,USC
204,UPH
205,UPC
206,UNI
207,UMC
208,UIC
209,UEM
210,UDL
211,UDJ
212,UDC
213,UCT
214,TYA
215,TXM
216,TW3
217,TVW
218,TVT
219,TVS
220,TVP
221,TVN
222,TVM
223,TVH
224,TVG
225,TVD
226,TVC
227,TVB
228,TVA
229,TV6
230,TV4
231,TV3
232,TV2
233,TV1
234,TUG
235,TTZ
236,TTT
237,TTS
238,TTP
239,TTN
240,TTL
241,TTH
242,TTG
243,TTF
244,TTE
245,TTD
246,TTC
247,TTB
248,TTA
249,TT6
250,TST
251,TSJ
252,TSG
253,TSD
254,TSC
255,TSB
256,TSA
257,TS5
258,TS4
259,TS3
260,TRV
261,TRT
262,TRS
263,TRC
264,TRA
265,TR1
266,TQW
267,TQN
268,TPS
269,TPP
270,TPH
271,TPC
272,TPB
273,TOW
274,TOT
275,TOS
276,TOP
277,TNW
278,TNV
279,TNT
280,TNS
281,TNP
282,TNM
283,TNI
284,TNH
285,TNG
286,TNC
287,TNB
288,TNA
289,TN1
290,TMX
291,TMW
292,TMT
293,TMS
294,TMP
295,TMG
296,TMC
297,TMB
298,TLT
299,TLP
300,TLI
301,TLH
302,TLG
303,TLD
304,TL4
305,TKU
306,TKG
307,TKC
308,TKA
309,TJC
310,TIX
311,TIS
312,TIP
313,TIN
314,TIG
315,TIE
316,TID
317,THW
318,THU
319,THT
320,THS
321,THP
322,THN
323,THM
324,THI
325,THG
326,THD
327,THB
328,TH1
329,TGP
330,TGG
331,TFC
332,TET
333,TEL
334,TEG
335,TED
336,TEC
337,TDW
338,TDT
339,TDS
340,TDP
341,TDN
342,TDM
343,TDI
344,TDH
345,TDG
346,TDF
347,TDC
348,TDB
349,TD6
350,TCW
351,TCT
352,TCR
353,TCO
354,TCM
355,TCL
356,TCK
357,TCJ
358,TCI
359,TCH
360,TCD
361,TCB
362,TC6
363,TBX
364,TBW
365,TBT
366,TBR
367,TBH
368,TBD
369,TBC
370,TB8
371,TAW
372,TAR
373,TAP
374,TAN
375,TAL
376,TAG
377,TAC
378,TAB
379,TA9
380,TA6
381,TA3
382,T12
383,SZL
384,SZG
385,SZE
386,SZC
387,SZB
388,SWC
389,SVT
390,SVN
391,SVL
392,SVI
393,SVH
394,SVG
395,SVD
396,SVC
397,STW
398,STT
399,STS
400,STP
401,STL
402,STK
403,STH
404,STG
405,STC
406,STB
407,ST8
408,SSU
409,SSN
410,SSM
411,SSI
412,SSH
413,SSG
414,SSF
415,SSC
416,SSB
417,SRT
418,SRF
419,SRC
420,SRB
421,SRA
422,SQC
423,SPV
424,SPP
425,SPM
426,SPI
427,SPH
428,SPD
429,SPC
430,SPB
431,SPA
432,SP2
433,SON
434,SNZ
435,SNC
436,SMT
437,SMN
438,SMC
439,SMB
440,SMA
441,SLS
442,SLD
443,SKV
444,SKN
445,SKH
446,SKG
447,SJS
448,SJM
449,SJG
450,SJF
451,SJE
452,SJD
453,SJC
454,SJ1
455,SIV
456,SIP
457,SII
458,SIG
459,SID
460,SIC
461,SHX
462,SHS
463,SHP
464,SHN
465,SHI
466,SHG
467,SHE
468,SHC
469,SHB
470,SHA
471,SGT
472,SGS
473,SGR
474,SGP
475,SGO
476,SGN
477,SGI
478,SGH
479,SGD
480,SGC
481,SGB
482,SFN
483,SFI
484,SFG
485,SFC
486,SEP
487,SED
488,SEB
489,SEA
490,SDY
491,SDX
492,SDV
493,SDU
494,SDT
495,SDP
496,SDN
497,SDK
498,SDJ
499,SDH
500,SDG
501,SDD
502,SDC
503,SDB
504,SDA
505,SD9
506,SD8
507,SD7
508,SD6
509,SD5
510,SD4
511,SD3
512,SD2
513,SD1
514,SCY
515,SCV
516,SCS
517,SCR
518,SCO
519,SCL
520,SCJ
521,SCI
522,SCG
523,SCD
524,SCC
525,SCA
526,SC5
527,SBV
528,SBT
529,SBS
530,SBR
531,SBM
532,SBL
533,SBH
534,SBG
535,SBD
536,SBB
537,SBA
538,SB1
539,SAV
540,SAS
541,SAP
542,SAM
543,SAL
544,SAF
545,SAC
546,SAB
547,S99
548,S96
549,S74
550,S72
551,S55
552,S4A
553,S27
554,S12
555,RYG
556,RTB
557,ROS
558,RIC
559,RGC
560,REE
561,RDP
562,RCL
563,RCD
564,RCC
565,RBC
566,RAT
567,RAL
568,QTP
569,QTC
570,QST
571,QSP
572,QPH
573,QNW
574,QNU
575,QNT
576,QNS
577,QNP
578,QNC
579,QLT
580,QLD
581,QHW
582,QHD
583,QCG
584,QCC
585,QBS
586,PYU
587,PXT
588,PXS
589,PXM
590,PXL
591,PXI
592,PXC
593,PXA
594,PX1
595,PWS
596,PWA
597,PVY
598,PVX
599,PVV
600,PVT
601,PVS
602,PVR
603,PVP
604,PVO
605,PVM
606,PVL
607,PVI
608,PVH
609,PVG
610,PVE
611,PVD
612,PVC
613,PVB
614,PVA
615,PV2
616,PTX
617,PTV
618,PTT
619,PTS
620,PTP
621,PTO
622,PTN
623,PTM
624,PTL
625,PTI
626,PTH
627,PTG
628,PTE
629,PTD
630,PTC
631,PTB
632,PSW
633,PSP
634,PSN
635,PSL
636,PSI
637,PSH
638,PSG
639,PSE
640,PSD
641,PSC
642,PSB
643,PRT
644,PRO
645,PRE
646,PRC
647,PQN
648,PPY
649,PPT
650,PPS
651,PPP
652,PPI
653,PPH
654,PPE
655,PPC
656,POW
657,POV
658,POT
659,POS
660,POM
661,POB
662,PNT
663,PNP
664,PNJ
665,PNG
666,PND
667,PNC
668,PMW
669,PMT
670,PMS
671,PMP
672,PMJ
673,PMG
674,PMC
675,PMB
676,PLX
677,PLP
678,PLO
679,PLE
680,PLC
681,PLA
682,PJT
683,PJS
684,PJC
685,PIV
686,PIT
687,PIS
688,PID
689,PIC
690,PIA
691,PHS
692,PHR
693,PHP
694,PHN
695,PHH
696,PHC
697,PGV
698,PGT
699,PGS
700,PGN
701,PGI
702,PGD
703,PGC
704,PGB
705,PFL
706,PET
707,PEQ
708,PEN
709,PEG
710,PEC
711,PDV
712,PDT
713,PDR
714,PDN
715,PDC
716,PDB
717,PCT
718,PCN
719,PCM
720,PCH
721,PCG
722,PCF
723,PCE
724,PCC
725,PC1
726,PBT
727,PBP
728,PBC
729,PAT
730,PAS
731,PAP
732,PAN
733,PAI
734,PAC
735,ORS
736,OPC
737,ONW
738,ONE
739,OIL
740,OGC
741,ODE
742,OCH
743,OCB
744,NXT
745,NWT
746,NVT
747,NVP
748,NVL
749,NVB
750,NUE
751,NTW
752,NTT
753,NTP
754,NTL
755,NTH
756,NTF
757,NTC
758,NTB
759,NT2
760,NST
761,NSS
762,NSL
763,NSH
764,NSG
765,NSC
766,NS3
767,NS2
768,NRC
769,NQT
770,NQN
771,NQB
772,NOS
773,NO1
774,NNT
775,NNQ
776,NNG
777,NNC
778,NLS
779,NLG
780,NKG
781,NJC
782,NHV
783,NHT
784,NHP
785,NHH
786,NHC
787,NHA
788,NGC
789,NFC
790,NET
791,NEM
792,NED
793,NDX
794,NDW
795,NDT
796,NDP
797,NDN
798,NDF
799,NDC
800,ND2
801,NCT
802,NCS
803,NCG
804,NBW
805,NBT
806,NBP
807,NBE
808,NBC
809,NBB
810,NAW
811,NAV
812,NAU
813,NAS
814,NAP
815,NAG
816,NAF
817,NAC
818,NAB
819,MZG
820,MXC
821,MWG
822,MVN
823,MVC
824,MVB
825,MTX
826,MTV
827,MTS
828,MTP
829,MTL
830,MTH
831,MTG
832,MTC
833,MTB
834,MTA
835,MST
836,MSR
837,MSN
838,MSH
839,MSB
840,MRF
841,MQN
842,MQB
843,MPY
844,MPT
845,MPC
846,MND
847,MNB
848,MML
849,MLS
850,MLC
851,MKV
852,MKP
853,MIM
854,MIG
855,MIE
856,MIC
857,MHL
858,MHC
859,MH3
860,MGR
861,MGG
862,MGC
863,MFS
864,MES
865,MEL
866,MEG
867,MEF
868,MED
869,MEC
870,MDG
871,MDF
872,MDC
873,MDA
874,MCP
875,MCO
876,MCM
877,MCI
878,MCH
879,MCG
880,MCF
881,MCD
882,MCC
883,MC3
884,MBT
885,MBS
886,MBN
887,MBG
888,MBB
889,MAS
890,MAC
891,MA1
892,M10
893,LYF
894,LWS
895,LUT
896,LTG
897,LTC
898,LSS
899,LSG
900,LQN
901,LPT
902,LPB
903,LO5
904,LNC
905,LMI
906,LMH
907,LMC
908,LM8
909,LM7
910,LM3
911,LLM
912,LKW
913,LIX
914,LIG
915,LIC
916,LHG
917,LHC
918,LGM
919,LGL
920,LGC
921,LG9
922,LEC
923,LDW
924,LDP
925,LDG
926,LCW
927,LCS
928,LCM
929,LCG
930,LCD
931,LCC
932,LBM
933,LBE
934,LBC
935,LAW
936,LAS
937,LAI
938,LAF
939,L63
940,L62
941,L61
942,L45
943,L44
944,L43
945,L40
946,L35
947,L18
948,L14
949,L12
950,L10
951,KWA
952,KVC
953,KTW
954,KTT
955,KTS
956,KTL
957,KTC
958,KSV
959,KST
960,KSQ
961,KSH
962,KSF
963,KSD
964,KSB
965,KPF
966,KOS
967,KMT
968,KMR
969,KLM
970,KLF
971,KLB
972,KKC
973,KIP
974,KHW
975,KHS
976,KHP
977,KHL
978,KHG
979,KHD
980,KHB
981,KHA
982,KGM
983,KDM
984,KDH
985,KDC
986,KCE
987,KCB
988,KBC
989,KAC
990,JVC
991,JOS
992,IVS
993,ITS
994,ITQ
995,ITD
996,ITC
997,ITA
998,IST
999,ISH
1000,ISG
1001,IRC
1002,IPH
1003,IPA
1004,INN
1005,ING
1006,INC
1007,IN4
1008,IMP
1009,IME
1010,ILS
1011,ILC
1012,ILB
1013,ILA
1014,IJC
1015,IHK
1016,IFS
1017,IDV
1018,IDP
1019,IDJ
1020,IDI
1021,IDC
1022,ICT
1023,ICN
1024,ICI
1025,ICG
1026,ICF
1027,ICC
1028,IBN
1029,IBD
1030,IBC
1031,HWS
1032,HVX
1033,HVT
1034,HVN
1035,HVH
1036,HVG
1037,HVA
1038,HUX
1039,HUT
1040,HUG
1041,HUB
1042,HU6
1043,HU4
1044,HU3
1045,HU1
1046,HTW
1047,HTV
1048,HTT
1049,HTR
1050,HTP
1051,HTN
1052,HTM
1053,HTL
1054,HTK
1055,HTI
1056,HTH
1057,HTG
1058,HTE
1059,HTC
1060,HT1
1061,HSV
1062,HSP
1063,HSM
1064,HSL
1065,HSI
1066,HSG
1067,HSA
1068,HRT
1069,HRC
1070,HRB
1071,HQC
1072,HPX
1073,HPW
1074,HPT
1075,HPP
1076,HPM
1077,HPI
1078,HPH
1079,HPG
1080,HPD
1081,HPB
1082,HOT
1083,HOM
1084,HNT
1085,HNR
1086,HNP
1087,HNM
1088,HNI
1089,HNG
1090,HNF
1091,HNE
1092,HND
1093,HNB
1094,HNA
1095,HMS
1096,HMR
1097,HMH
1098,HMG
1099,HMD
1100,HMC
1101,HLY
1102,HLT
1103,HLS
1104,HLR
1105,HLO
1106,HLG
1107,HLE
1108,HLD
1109,HLC
1110,HLB
1111,HLA
1112,HKT
1113,HKP
1114,HKB
1115,HJS
1116,HJC
1117,HIO
1118,HII
1119,HIG
1120,HID
1121,HHV
1122,HHS
1123,HHR
1124,HHP
1125,HHN
1126,HHG
1127,HHC
1128,HGW
1129,HGT
1130,HGR
1131,HGM
1132,HGC
1133,HGA
1134,HFX
1135,HFC
1136,HFB
1137,HEV
1138,HES
1139,HEP
1140,HEM
1141,HEJ
1142,HEC
1143,HDW
1144,HDS
1145,HDP
1146,HDO
1147,HDM
1148,HDG
1149,HDC
1150,HDB
1151,HDA
1152,HD8
1153,HD6
1154,HD2
1155,HCT
1156,HCM
1157,HCI
1158,HCD
1159,HCC
1160,HCB
1161,HC3
1162,HC1
1163,HBS
1164,HBH
1165,HBD
1166,HBC
1167,HAX
1168,HAW
1169,HAV
1170,HAT
1171,HAS
1172,HAR
1173,HAP
1174,HAN
1175,HAM
1176,HAI
1177,HAH
1178,HAG
1179,HAF
1180,HAD
1181,HAC
1182,HAB
1183,H11
1184,GVT
1185,GVR
1186,GTT
1187,GTS
1188,GTK
1189,GTH
1190,GTD
1191,GTA
1192,GSP
1193,GSM
1194,GQN
1195,GPC
1196,GND
1197,GMX
1198,GMH
1199,GMD
1200,GMC
1201,GMA
1202,GLW
1203,GLT
1204,GLC
1205,GKM
1206,GIL
1207,GIC
1208,GHC
1209,GH3
1210,GGG
1211,GEX
1212,GER
1213,GEG
1214,GEE
1215,GE2
1216,GDW
1217,GDT
1218,GDA
1219,GCF
1220,GCB
1221,GAS
1222,GAB
1223,G36
1224,G20
1225,FTS
1226,FTM
1227,FTI
1228,FT1
1229,FSO
1230,FRT
1231,FRM
1232,FRC
1233,FPT
1234,FOX
1235,FOC
1236,FMC
1237,FLC
1238,FIT
1239,FIR
1240,FID
1241,FIC
1242,FHS
1243,FHN
1244,FGL
1245,FDG
1246,FDC
1247,FCS
1248,FCN
1249,FCM
1250,FCC
1251,FBC
1252,FBA
1253,F88
1254,EVS
1255,EVG
1256,EVF
1257,EVE
1258,EPH
1259,EPC
1260,EMS
1261,EMG
1262,EME
1263,EMC
1264,ELC
1265,EIN
1266,EID
1267,EIC
1268,EIB
1269,EFI
1270,ECO
1271,ECI
1272,EBS
1273,EAD
1274,E29
1275,E12
1276,DZM
1277,DXV
1278,DXS
1279,DXP
1280,DXL
1281,DXG
1282,DX2
1283,DWS
1284,DWC
1285,DVW
1286,DVT
1287,DVP
1288,DVN
1289,DVM
1290,DVG
1291,DVC
1292,DUS
1293,DTV
1294,DTT
1295,DTP
1296,DTL
1297,DTK
1298,DTI
1299,DTH
1300,DTG
1301,DTE
1302,DTD
1303,DTC
1304,DTB
1305,DTA
1306,DT4
1307,DSV
1308,DST
1309,DSP
1310,DSN
1311,DSH
1312,DSG
1313,DSE
1314,DSD
1315,DSC
1316,DS3
1317,DRL
1318,DRI
1319,DRH
1320,DRG
1321,DRC
1322,DQC
1323,DPS
1324,DPR
1325,DPP
1326,DPM
1327,DPH
1328,DPG
1329,DPD
1330,DPC
1331,DP3
1332,DP2
1333,DP1
1334,DOP
1335,DOC
1336,DNW
1337,DNT
1338,DNP
1339,DNN
1340,DNM
1341,DNL
1342,DNH
1343,DNE
1344,DND
1345,DNC
1346,DNB
1347,DNA
1348,DMS
1349,DMN
1350,DMC
1351,DM7
1352,DLT
1353,DLR
1354,DLM
1355,DLG
1356,DLD
1357,DL1
1358,DKW
1359,DKH
1360,DKG
1361,DKC
1362,DIH
1363,DIG
1364,DID
1365,DIC
1366,DHT
1367,DHP
1368,DHN
1369,DHM
1370,DHG
1371,DHD
1372,DHC
1373,DHB
1374,DHA
1375,DGW
1376,DGT
1377,DGC
1378,DFF
1379,DFC
1380,DDV
1381,DDN
1382,DDM
1383,DDH
1384,DDG
1385,DDB
1386,DCT
1387,DCS
1388,DCR
1389,DCM
1390,DCL
1391,DCH
1392,DCG
1393,DCF
1394,DC4
1395,DC2
1396,DC1
1397,DBW
1398,DBT
1399,DBM
1400,DBH
1401,DBD
1402,DBC
1403,DAT
1404,DAS
1405,DAR
1406,DAN
1407,DAH
1408,DAG
1409,DAE
1410,DAD
1411,DAC
1412,D2D
1413,D17
1414,D11
1415,CYC
1416,CX8
1417,CVT
1418,CVP
1419,CVN
1420,CTX
1421,CTW
1422,CTT
1423,CTS
1424,CTR
1425,CTP
1426,CTN
1427,CTI
1428,CTG
1429,CTF
1430,CTD
1431,CTC
1432,CTB
1433,CTA
1434,CT6
1435,CT5
1436,CT3
1437,CSV
1438,CST
1439,CSM
1440,CSI
1441,CSC
1442,CRE
1443,CRC
1444,CQT
1445,CQN
1446,CPI
1447,CPH
1448,CPC
1449,CPA
1450,COM
1451,CNT
1452,CNN
1453,CNG
1454,CNC
1455,CNA
1456,CMX
1457,CMW
1458,CMV
1459,CMT
1460,CMS
1461,CMP
1462,CMN
1463,CMM
1464,CMK
1465,CMI
1466,CMG
1467,CMF
1468,CMD
1469,CMC
1470,CLX
1471,CLW
1472,CLM
1473,CLL
1474,CLH
1475,CLG
1476,CLC
1477,CKV
1478,CKG
1479,CKD
1480,CKA
1481,CK8
1482,CJC
1483,CIP
1484,CII
1485,CIG
1486,CID
1487,CIA
1488,CI5
1489,CHS
1490,CHP
1491,CHC
1492,CH5
1493,CGV
1494,CGL
1495,CFV
1496,CFM
1497,CET
1498,CEO
1499,CEN
1500,CEG
1501,CEE
1502,CE1
1503,CDR
1504,CDP
1505,CDO
1506,CDN
1507,CDH
1508,CDG
1509,CDC
1510,CCV
1511,CCT
1512,CCR
1513,CCP
1514,CCM
1515,CCL
1516,CCI
1517,CCC
1518,CCA
1519,CC4
1520,CC1
1521,CBS
1522,CBI
1523,CAV
1524,CAT
1525,CAR
1526,CAP
1527,CAN
1528,CAG
1529,CAD
1530,CAB
1531,C92
1532,C69
1533,C4G
1534,C47
1535,C32
1536,C22
1537,C21
1538,C12
1539,BXT
1540,BXH
1541,BWS
1542,BWE
1543,BWA
1544,BVS
1545,BVN
1546,BVL
1547,BVH
1548,BVG
1549,BVB
1550,BUD
1551,BTW
1552,BTV
1553,BTU
1554,BTT
1555,BTS
1556,BTP
1557,BTN
1558,BTH
1559,BTG
1560,BTD
1561,BTB
1562,BT6
1563,BT1
1564,BST
1565,BSR
1566,BSQ
1567,BSP
1568,BSL
1569,BSI
1570,BSH
1571,BSG
1572,BSD
1573,BSC
1574,BSA
1575,BRS
1576,BRR
1577,BRC
1578,BQB
1579,BPW
1580,BPC
1581,BOT
1582,BNW
1583,BNA
1584,BMV
1585,BMS
1586,BMP
1587,BMN
1588,BMK
1589,BMJ
1590,BMI
1591,BMG
1592,BMF
1593,BMD
1594,BMC
1595,BLW
1596,BLU
1597,BLT
1598,BLN
1599,BLI
1600,BLF
1601,BKH
1602,BKG
1603,BKC
1604,BIO
1605,BII
1606,BIG
1607,BID
1608,BIC
1609,BHT
1610,BHP
1611,BHN
1612,BHK
1613,BHI
1614,BHH
1615,BHG
1616,BHC
1617,BHA
1618,BGW
1619,BGE
1620,BFC
1621,BEL
1622,BED
1623,BDW
1624,BDT
1625,BDG
1626,BDB
1627,BCV
1628,BCR
1629,BCP
1630,BCO
1631,BCM
1632,BCG
1633,BCF
1634,BCE
1635,BCC
1636,BCB
1637,BCA
1638,BBT
1639,BBS
1640,BBM
1641,BBH
1642,BBC
1643,BAX
1644,BAL
1645,BAF
1646,BAB
1647,B82
1648,AVG
1649,AVF
1650,AVC
1651,AUM
1652,ATS
1653,ATG
1654,ATB
1655,ATA
1656,AST
1657,ASP
1658,ASM
1659,ASG
1660,ASA
1661,ART
1662,ARM
1663,APT
1664,APS
1665,APP
1666,APL
1667,API
1668,APH
1669,APG
1670,APF
1671,APC
1672,ANV
1673,ANT
1674,AMV
1675,AMS
1676,AMP
1677,AME
1678,AMD
1679,AMC
1680,ALV
1681,ALT
1682,AIG
1683,AIC
1684,AGX
1685,AGR
1686,AGP
1687,AGM
1688,AGG
1689,AGF
1690,AGE
1691,AG1
1692,AFX
1693,ADS
1694,ADP
1695,ADG
1696,ADC
1697,ACV
1698,ACS
1699,ACM
1700,ACL
1701,ACG
1702,ACE
1703,ACC
1704,ACB
1705,ABW
1706,ABT
1707,ABS
1708,ABR
1709,ABI
1710,ABC
1711,ABB
1712,AAV
1713,AAT
1714,AAS
1715,AAM
1716,AAH
1717,AAA
1718,A32
